pH,TDS,EC,Label
3.77,1356.89,3000.0,Giloy
3.97,1367.48,3000.0,Giloy
2.67,1367.48,0.0,Amla
2.93,1269.86,3000.0,Aloevera
3.83,1362.17,3000.0,Giloy
3.84,1362.17,3000.0,Giloy
3.2,1367.48,0.0,Amla
2.72,1367.48,0.0,Amla
3.09,1346.37,4000.0,Aloevera
2.8,1367.48,0.0,Amla
3.85,1362.17,3000.0,Giloy
2.68,1346.37,3000.0,Aloevera
3.78,1362.17,3000.0,Giloy
2.94,1346.37,3000.0,Aloevera
3.39,1367.48,0.0,Amla
3.85,1362.17,3000.0,Giloy
3.72,1362.17,3000.0,Giloy
3.8,1362.17,3000.0,Giloy
2.44,1367.48,0.0,Amla
3.26,1367.48,0.0,Amla
3.04,1346.37,3000.0,Aloevera
2.73,1367.48,0.0,Amla
3.88,1362.17,3000.0,Giloy
3.87,1362.17,3000.0,Giloy
2.68,1367.48,0.0,Amla
2.97,1346.37,3000.0,Aloevera
3.89,1362.17,3000.0,Giloy
4.01,1362.17,3000.0,Giloy
3.05,1367.48,0.0,Amla
3.85,1362.17,3000.0,Giloy
3.16,1320.41,3000.0,Aloevera
3.05,1367.48,0.0,Amla
3.04,1346.37,3000.0,Aloevera
3.2,1346.37,3000.0,Aloevera
3.8,1362.17,3000.0,Giloy
2.74,1367.48,0.0,Amla
2.84,1284.84,3000.0,Aloevera
3.01,1341.14,3000.0,Aloevera
2.81,1346.37,3000.0,Aloevera
3.02,1346.37,3000.0,Aloevera
2.95,1341.14,3000.0,Aloevera
3.06,1346.37,3000.0,Aloevera
3.93,1367.48,3000.0,Giloy
2.76,1346.37,3000.0,Aloevera
3.11,1346.37,3000.0,Aloevera
3.11,1346.37,3000.0,Aloevera
3.87,1362.17,3000.0,Giloy
3.81,1362.17,3000.0,Giloy
2.71,1367.48,0.0,Amla
3.84,1362.17,3000.0,Giloy
2.83,1367.48,0.0,Amla
2.9,1367.48,0.0,Amla
3.86,1362.17,3000.0,Giloy
3.1,1341.14,3000.0,Aloevera
3.88,1367.48,3000.0,Giloy
3.93,1367.48,3000.0,Giloy
2.99,1341.14,3000.0,Aloevera
2.84,1341.14,3000.0,Aloevera
2.9,1367.48,0.0,Amla
3.16,1346.37,3000.0,Aloevera
3.86,1362.17,3000.0,Giloy
2.74,1346.37,3000.0,Aloevera
2.91,1299.97,4000.0,Aloevera
3.41,1367.48,0.0,Amla
3.31,1367.48,0.0,Amla
2.66,1346.37,3000.0,Aloevera
3.22,1341.14,3000.0,Aloevera
3.85,1362.17,3000.0,Giloy
2.62,1346.37,3000.0,Aloevera
2.89,1367.48,0.0,Amla
2.69,1367.48,0.0,Amla
3.06,1367.48,0.0,Amla
3.83,1362.17,3000.0,Giloy
3.17,1367.48,0.0,Amla
2.83,1367.48,0.0,Amla
3.74,1362.17,3000.0,Giloy
2.99,1341.14,3000.0,Aloevera
2.93,1341.14,3000.0,Aloevera
2.93,1346.37,3000.0,Aloevera
4.01,1367.48,3000.0,Giloy
2.75,1367.48,0.0,Amla
2.63,1367.48,0.0,Amla
3.03,1335.93,3000.0,Aloevera
2.79,1367.48,0.0,Amla
3.2,1346.37,3000.0,Aloevera
3.02,1367.48,0.0,Amla
3.0,1367.48,0.0,Amla
3.01,1346.37,3000.0,Aloevera
3.26,1305.06,3000.0,Aloevera
2.93,1264.91,3000.0,Aloevera
3.43,1367.48,0.0,Amla
2.66,1367.48,0.0,Amla
2.86,1346.37,3000.0,Aloevera
3.86,1362.17,3000.0,Giloy
2.64,1346.37,3000.0,Aloevera
3.14,1315.28,3000.0,Aloevera
3.37,1367.48,0.0,Amla
3.17,1367.48,0.0,Amla
3.88,1362.17,3000.0,Giloy
2.69,1346.37,3000.0,Aloevera
3.84,1362.17,3000.0,Giloy
3.17,1346.37,3000.0,Aloevera
2.82,1351.62,3000.0,Aloevera
2.86,1367.48,0.0,Amla
3.88,1367.48,3000.0,Giloy
3.8,1362.17,3000.0,Giloy
3.14,1367.48,0.0,Amla
3.11,1330.74,3000.0,Aloevera
3.15,1367.48,0.0,Amla
3.05,1335.93,3000.0,Aloevera
2.6,1367.48,0.0,Amla
3.92,1362.17,3000.0,Giloy
2.88,1341.14,3000.0,Aloevera
3.86,1362.17,3000.0,Giloy
3.86,1362.17,3000.0,Giloy
2.47,1367.48,0.0,Amla
2.9,1367.48,0.0,Amla
3.92,1367.48,3000.0,Giloy
3.44,1367.48,0.0,Amla
3.76,1356.89,3000.0,Giloy
2.95,1346.37,3000.0,Aloevera
2.82,1367.48,0.0,Amla
3.16,1362.17,0.0,Amla
3.05,1362.17,0.0,Amla
2.6,1367.48,0.0,Amla
3.87,1362.17,3000.0,Giloy
2.52,1351.62,3000.0,Aloevera
2.8,1367.48,0.0,Amla
2.9,1367.48,0.0,Amla
4.01,1367.48,3000.0,Giloy
3.13,1367.48,0.0,Amla
2.46,1367.48,0.0,Amla
3.32,1362.17,0.0,Amla
2.77,1367.48,0.0,Amla
3.92,1362.17,3000.0,Giloy
3.9,1367.48,3000.0,Giloy
2.72,1367.48,0.0,Amla
3.37,1367.48,0.0,Amla
3.13,1367.48,0.0,Amla
2.84,1362.17,4000.0,Aloevera
2.71,1367.48,0.0,Amla
3.17,1367.48,0.0,Amla
2.81,1367.48,0.0,Amla
3.07,1367.48,0.0,Amla
3.78,1362.17,3000.0,Giloy
3.9,1362.17,3000.0,Giloy
2.8,1367.48,0.0,Amla
3.08,1346.37,3000.0,Aloevera
2.86,1346.37,3000.0,Aloevera
3.0,1346.37,3000.0,Aloevera
3.94,1367.48,3000.0,Giloy
2.46,1367.48,0.0,Amla
3.88,1362.17,3000.0,Giloy
2.73,1367.48,0.0,Amla
3.94,1367.48,3000.0,Giloy
3.88,1362.17,3000.0,Giloy
3.83,1362.17,3000.0,Giloy
2.88,1346.37,3000.0,Aloevera
2.93,1367.48,0.0,Amla
2.92,1341.14,3000.0,Aloevera
3.79,1362.17,3000.0,Giloy
3.23,1367.48,0.0,Amla
3.01,1284.84,3000.0,Aloevera
2.72,1351.62,3000.0,Aloevera
2.87,1346.37,3000.0,Aloevera
2.66,1367.48,0.0,Amla
4.03,1362.17,3000.0,Giloy
3.87,1362.17,3000.0,Giloy
3.34,1362.17,0.0,Amla
3.24,1351.62,3000.0,Aloevera
2.99,1341.14,3000.0,Aloevera
3.74,1356.89,3000.0,Giloy
3.81,1367.48,3000.0,Giloy
2.73,1351.62,3000.0,Aloevera
3.17,1341.14,3000.0,Aloevera
3.88,1362.17,3000.0,Giloy
2.87,1362.17,0.0,Amla
3.05,1346.37,3000.0,Aloevera
3.78,1362.17,3000.0,Giloy
3.13,1367.48,0.0,Amla
3.75,1351.62,3000.0,Giloy
2.95,1367.48,4000.0,Aloevera
3.9,1367.48,3000.0,Giloy
3.9,1367.48,3000.0,Giloy
2.66,1367.48,0.0,Amla
3.87,1362.17,3000.0,Giloy
3.92,1362.17,3000.0,Giloy
3.05,1367.48,0.0,Amla
3.16,1335.93,3000.0,Aloevera
2.71,1346.37,3000.0,Aloevera
2.83,1346.37,3000.0,Aloevera
3.18,1367.48,0.0,Amla
3.91,1362.17,3000.0,Giloy
3.77,1356.89,3000.0,Giloy
3.9,1362.17,3000.0,Giloy
3.08,1274.84,3000.0,Aloevera
3.72,1367.48,3000.0,Giloy
3.89,1367.48,3000.0,Giloy
3.15,1346.37,3000.0,Aloevera
3.8,1362.17,3000.0,Giloy
2.87,1356.89,4000.0,Aloevera
3.06,1367.48,0.0,Amla
2.86,1351.62,3000.0,Aloevera
3.79,1356.89,3000.0,Giloy
3.25,1367.48,0.0,Amla
3.82,1356.89,3000.0,Giloy
3.76,1367.48,3000.0,Giloy
2.61,1367.48,0.0,Amla
3.07,1346.37,3000.0,Aloevera
2.61,1367.48,0.0,Amla
2.56,1367.48,0.0,Amla
3.92,1367.48,3000.0,Giloy
2.85,1274.84,3000.0,Aloevera
3.08,1346.37,3000.0,Aloevera
3.87,1362.17,3000.0,Giloy
2.76,1346.37,3000.0,Aloevera
3.14,1346.37,3000.0,Aloevera
4.01,1367.48,3000.0,Giloy
3.17,1367.48,0.0,Amla
2.7,1346.37,3000.0,Aloevera
2.77,1367.48,0.0,Amla
3.89,1367.48,3000.0,Giloy
3.85,1362.17,3000.0,Giloy
3.68,1367.48,0.0,Amla
3.14,1346.37,3000.0,Aloevera
3.88,1362.17,3000.0,Giloy
2.98,1367.48,0.0,Amla
2.96,1346.37,3000.0,Aloevera
3.77,1356.89,3000.0,Giloy
3.77,1362.17,3000.0,Giloy
2.57,1346.37,3000.0,Aloevera
3.88,1362.17,3000.0,Giloy
3.95,1367.48,3000.0,Giloy
3.89,1362.17,3000.0,Giloy
3.21,1367.48,0.0,Amla
3.05,1294.91,3000.0,Aloevera
2.92,1346.37,3000.0,Aloevera
3.07,1341.14,3000.0,Aloevera
3.82,1362.17,3000.0,Giloy
3.79,1362.17,3000.0,Giloy
3.88,1362.17,3000.0,Giloy
3.73,1351.62,3000.0,Giloy
3.02,1367.48,0.0,Amla
3.14,1346.37,3000.0,Aloevera
3.83,1362.17,3000.0,Giloy
2.64,1367.48,0.0,Amla
3.16,1367.48,0.0,Amla
3.83,1362.17,3000.0,Giloy
3.85,1367.48,3000.0,Giloy
2.9,1362.17,4000.0,Aloevera
2.66,1362.17,0.0,Amla
3.23,1346.37,3000.0,Aloevera
3.12,1367.48,0.0,Amla
2.83,1362.17,4000.0,Aloevera
3.11,1367.48,0.0,Amla
2.4,1367.48,0.0,Amla
3.02,1346.37,3000.0,Aloevera
3.06,1341.14,3000.0,Aloevera
3.79,1356.89,3000.0,Giloy
2.96,1346.37,3000.0,Aloevera
2.96,1341.14,3000.0,Aloevera
3.22,1346.37,3000.0,Aloevera
3.87,1362.17,3000.0,Giloy
3.07,1284.84,3000.0,Aloevera
3.16,1341.14,3000.0,Aloevera
2.8,1367.48,0.0,Amla
4.09,1367.48,3000.0,Giloy
2.84,1367.48,0.0,Amla
3.98,1367.48,3000.0,Giloy
3.86,1362.17,3000.0,Giloy
3.11,1346.37,3000.0,Aloevera
3.12,1346.37,3000.0,Aloevera
2.84,1367.48,0.0,Amla
2.89,1367.48,0.0,Amla
3.96,1367.48,3000.0,Giloy
3.15,1367.48,0.0,Amla
2.79,1367.48,0.0,Amla
2.79,1346.37,3000.0,Aloevera
2.98,1346.37,3000.0,Aloevera
3.86,1362.17,3000.0,Giloy
3.81,1362.17,3000.0,Giloy
3.29,1341.14,3000.0,Aloevera
2.82,1362.17,0.0,Amla
3.91,1362.17,3000.0,Giloy
3.37,1367.48,0.0,Amla
3.92,1362.17,3000.0,Giloy
2.94,1367.48,0.0,Amla
3.09,1367.48,0.0,Amla
2.67,1367.48,0.0,Amla
3.15,1335.93,3000.0,Aloevera
2.92,1341.14,3000.0,Aloevera
3.77,1362.17,3000.0,Giloy
2.79,1367.48,0.0,Amla
4.03,1367.48,3000.0,Giloy
3.3,1335.93,3000.0,Aloevera
3.41,1367.48,0.0,Amla
2.88,1346.37,3000.0,Aloevera
2.66,1367.48,0.0,Amla
3.88,1362.17,3000.0,Giloy
2.42,1367.48,0.0,Amla
